<?xml version="1.0" encoding="UTF-8"?>
<project-private xmlns="http://www.netbeans.org/ns/project-private/1">
    <editor-bookmarks xmlns="http://www.netbeans.org/ns/editor-bookmarks/2" lastBookmarkId="0"/>
    <open-files xmlns="http://www.netbeans.org/ns/projectui-open-files/2">
        <group>
            <file>file:/C:/microchip/harmony/v1_04_01/apps/usb/device/cdc_serial_emulator/firmware/src/app.c</file>
            <file>file:/C:/microchip/harmony/v1_04_01/apps/usb/device/cdc_serial_emulator/firmware/src/system_config/pic32mx795_pim_e16_int_dyn/system_init.c</file>
        </group>
    </open-files>
</project-private>
